{"cameraMode":{"drawMode":0,"name":"Shaded","section":"Shading Mode"},"sceneLighting":false,"audioPlay":false,"sceneViewState":{"showFog":true,"showMaterialUpdate":false,"showSkybox":true,"showFlares":true,"showImageEffects":true,"showParticleSystems":true},"in2DMode":false,"pivot":{"x":-0.27300000190734866,"y":0.0026354999281466009,"z":0.0},"rotation":{"x":-0.04335928335785866,"y":0.9546005129814148,"z":-0.17401359975337983,"w":-0.2378595471382141},"size":0.15164797008037568,"orthographic":false}