{"cameraMode":{"drawMode":0,"name":"Shaded","section":"Shading Mode"},"sceneLighting":false,"audioPlay":false,"sceneViewState":{"showFog":true,"showMaterialUpdate":false,"showSkybox":true,"showFlares":true,"showImageEffects":true,"showParticleSystems":true},"in2DMode":false,"pivot":{"x":-0.32956549525260928,"y":0.0016204998828470708,"z":0.0},"rotation":{"x":-0.04335928335785866,"y":0.9546005129814148,"z":-0.17401359975337983,"w":-0.2378595471382141},"size":0.550995409488678,"orthographic":false}